driver_id,total_fare,avg_distance
6,801.6300000000001,25.75538461538462
