driver_id,total_fare,avg_distance
45,847.8199999999998,26.55454545454546
