driver_id,total_fare,avg_distance
80,465.14000000000004,29.351428571428567
