driver_id,total_fare,avg_distance
69,972.6200000000001,30.516666666666666
