driver_id,total_fare,avg_distance
28,491.71999999999997,28.186666666666667
