driver_id,total_fare,avg_distance
14,679.5400000000001,23.727500000000003
