driver_id,total_fare,avg_distance
90,745.5300000000001,25.337499999999995
