driver_id,total_fare,avg_distance
67,879.5900000000001,20.316000000000003
