driver_id,total_fare,avg_distance
44,254.33999999999997,27.724999999999998
