driver_id,total_fare,avg_distance
74,331.58000000000004,27.721999999999998
