driver_id,total_fare,avg_distance
42,480.82000000000005,27.396250000000002
