driver_id,total_fare,avg_distance
14,641.4100000000001,26.501428571428573
