driver_id,total_fare,avg_distance
60,925.4399999999999,21.730000000000004
