driver_id,total_fare,avg_distance
41,665.9300000000001,27.04625
