driver_id,total_fare,avg_distance
3,259.33000000000004,24.852499999999996
