driver_id,total_fare,avg_distance
46,1198.6200000000001,18.537499999999998
