driver_id,total_fare,avg_distance
67,766.5700000000002,20.48777777777778
