driver_id,total_fare,avg_distance
80,288.21000000000004,29.273999999999994
