driver_id,total_fare,avg_distance
21,488.78999999999996,28.744285714285713
