driver_id,total_fare,avg_distance
90,638.19,25.774545454545454
68,398.36,25.092000000000002
