driver_id,total_fare,avg_distance
67,971.6600000000001,20.84909090909091
