driver_id,total_fare,avg_distance
70,926.0799999999999,29.709000000000003
