driver_id,total_fare,avg_distance
45,598.9199999999998,27.752500000000005
57,638.04,25.655714285714286
