driver_id,total_fare,avg_distance
3,301.33000000000004,23.203999999999997
