driver_id,total_fare,avg_distance
12,413.40000000000003,18.996000000000002
