driver_id,total_fare,avg_distance
17,463.53999999999996,25.324285714285715
