driver_id,total_fare,avg_distance
11,975.0100000000001,22.133076923076924
