driver_id,total_fare,avg_distance
48,821.9399999999999,19.313636363636366
