driver_id,total_fare,avg_distance
89,1007.9200000000002,29.37117647058824
