driver_id,total_fare,avg_distance
72,600.5600000000001,18.57888888888889
