driver_id,total_fare,avg_distance
93,1007.3399999999999,22.976153846153846
95,885.0099999999999,25.89461538461539
