driver_id,total_fare,avg_distance
86,440.40000000000003,20.439999999999998
