driver_id,total_fare,avg_distance
68,681.4000000000001,25.34444444444445
