driver_id,total_fare,avg_distance
3,515.3800000000001,23.584999999999997
