driver_id,total_fare,avg_distance
60,622.0799999999999,21.05
90,147.10000000000002,24.4175
