driver_id,total_fare,avg_distance
45,190.61,21.97666666666667
57,246.80999999999997,44.52
