driver_id,total_fare,avg_distance
99,186.22,22.9
47,177.60999999999999,23.093333333333334
