driver_id,total_fare,avg_distance
97,493.05000000000007,26.566249999999997
