driver_id,total_fare,avg_distance
80,162.91000000000003,27.99333333333333
