driver_id,total_fare,avg_distance
14,474.51000000000005,22.942
21,300.84999999999997,23.375999999999998
