driver_id,total_fare,avg_distance
25,684.1800000000001,19.80875
