driver_id,total_fare,avg_distance
64,438.48999999999995,36.35142857142857
