driver_id,total_fare,avg_distance
89,778.6600000000001,28.97692307692308
