driver_id,total_fare,avg_distance
8,1308.6000000000001,25.389285714285712
