driver_id,total_fare,avg_distance
45,673.8899999999999,28.971111111111114
