driver_id,total_fare,avg_distance
48,493.25999999999993,19.17666666666667
