driver_id,total_fare,avg_distance
12,505.46000000000004,23.008333333333336
