driver_id,total_fare,avg_distance
78,565.4000000000001,33.65222222222222
