driver_id,total_fare,avg_distance
44,316.03999999999996,30.198571428571427
