driver_id,total_fare,avg_distance
13,747.4100000000001,24.389090909090907
