driver_id,total_fare,avg_distance
83,864.5600000000001,26.728333333333328
