driver_id,total_fare,avg_distance
67,733.8800000000001,22.810000000000002
