driver_id,total_fare,avg_distance
1,512.2099999999999,25.335454545454546
