driver_id,total_fare,avg_distance
6,611.9300000000001,27.871111111111112
