driver_id,total_fare,avg_distance
87,830.0799999999999,27.013333333333335
73,312.39,26.345
