driver_id,total_fare,avg_distance
72,447.59000000000003,16.581666666666667
