driver_id,total_fare,avg_distance
32,1120.3500000000001,26.898461538461543
