driver_id,total_fare,avg_distance
44,586.9699999999999,30.416999999999994
