driver_id,total_fare,avg_distance
68,512.5600000000001,23.888571428571428
