driver_id,total_fare,avg_distance
36,1270.1599999999999,25.644375000000004
