driver_id,total_fare,avg_distance
64,1001.5000000000001,30.733125
