driver_id,total_fare,avg_distance
1,654.8499999999999,24.578333333333333
