driver_id,total_fare,avg_distance
21,609.13,27.064999999999998
14,814.3000000000001,26.014444444444447
