driver_id,total_fare,avg_distance
77,452.29999999999995,19.226666666666667
