driver_id,total_fare,avg_distance
38,555.4200000000001,35.52222222222222
