driver_id,total_fare,avg_distance
18,574.2599999999999,20.78625
