driver_id,total_fare,avg_distance
36,468.10999999999996,26.439999999999998
