driver_id,total_fare,avg_distance
42,397.13000000000005,28.211428571428574
