driver_id,total_fare,avg_distance
93,653.4399999999999,25.625000000000004
