driver_id,total_fare,avg_distance
72,174.98000000000002,12.895000000000001
