driver_id,total_fare,avg_distance
97,439.77000000000004,25.699999999999996
