driver_id,total_fare,avg_distance
63,492.51000000000005,15.495999999999999
