driver_id,total_fare,avg_distance
90,495.58000000000004,27.93375
68,114.23000000000002,19.21
