driver_id,total_fare,avg_distance
26,80.80000000000001,42.980000000000004
