driver_id,total_fare,avg_distance
74,321.59000000000003,30.124999999999996
