driver_id,total_fare,avg_distance
46,1399.0800000000002,20.823571428571427
