driver_id,total_fare,avg_distance
48,507.0899999999999,17.081428571428575
