driver_id,total_fare,avg_distance
18,834.4899999999999,23.724545454545456
