driver_id,total_fare,avg_distance
77,598.3599999999999,20.291249999999998
89,840.0300000000001,28.550000000000004
