driver_id,total_fare,avg_distance
14,969.9900000000001,25.613636363636363
