driver_id,total_fare,avg_distance
80,400.27000000000004,27.471666666666664
