driver_id,total_fare,avg_distance
42,250.29000000000002,35.95666666666667
