driver_id,total_fare,avg_distance
60,657.8299999999999,19.746666666666666
