driver_id,total_fare,avg_distance
46,572.8599999999999,17.27333333333333
