driver_id,total_fare,avg_distance
87,607.3299999999999,26.392857142857142
