driver_id,total_fare,avg_distance
18,249.98000000000002,28.49666666666667
