driver_id,total_fare,avg_distance
67,1193.1100000000001,20.095000000000002
