driver_id,total_fare,avg_distance
35,1273.8600000000001,24.693500000000004
