driver_id,total_fare,avg_distance
32,1135.3700000000001,27.157857142857146
