driver_id,total_fare,avg_distance
14,1175.2100000000003,23.645384615384614
