driver_id,total_fare,avg_distance
4,327.96999999999997,23.711666666666662
