driver_id,total_fare,avg_distance
99,813.3900000000001,23.876153846153844
