driver_id,total_fare,avg_distance
95,804.6899999999999,28.69545454545455
