driver_id,total_fare,avg_distance
69,942.6300000000001,29.865454545454543
