driver_id,total_fare,avg_distance
34,440.56000000000006,31.92375
