driver_id,total_fare,avg_distance
8,1423.0400000000002,26.042666666666666
