driver_id,total_fare,avg_distance
18,1107.9199999999998,23.821428571428577
