driver_id,total_fare,avg_distance
87,1060.4299999999998,28.30454545454546
