driver_id,total_fare,avg_distance
44,483.56999999999994,30.46222222222222
