driver_id,total_fare,avg_distance
71,651.5999999999999,23.562727272727273
