driver_id,total_fare,avg_distance
94,538.9399999999999,22.68125
