driver_id,total_fare,avg_distance
18,997.0399999999998,24.051538461538467
