driver_id,total_fare,avg_distance
74,615.3200000000002,29.939999999999998
