driver_id,total_fare,avg_distance
42,213.59000000000003,37.885000000000005
