driver_id,total_fare,avg_distance
90,185.87000000000003,29.104000000000003
