driver_id,total_fare,avg_distance
46,445.16999999999996,15.663999999999998
