driver_id,total_fare,avg_distance
79,232.19000000000003,17.176666666666666
