driver_id,total_fare,avg_distance
1,800.3299999999999,24.985384615384614
