driver_id,total_fare,avg_distance
41,705.5400000000001,28.202222222222222
