driver_id,total_fare,avg_distance
52,232.23000000000002,30.619999999999997
