driver_id,total_fare,avg_distance
36,1082.3899999999999,26.68307692307693
