driver_id,total_fare,avg_distance
82,551.0600000000001,27.063636363636366
