driver_id,total_fare,avg_distance
57,806.11,29.757777777777775
45,796.0299999999999,27.324
