driver_id,total_fare,avg_distance
75,902.8399999999999,22.001111111111108
