driver_id,total_fare,avg_distance
69,773.96,33.64
29,912.0600000000001,31.11375
