driver_id,total_fare,avg_distance
38,773.6600000000001,30.083333333333332
