driver_id,total_fare,avg_distance
90,981.74,27.259999999999998
60,984.91,20.264000000000003
