driver_id,total_fare,avg_distance
46,1341.6000000000001,19.06230769230769
