driver_id,total_fare,avg_distance
22,1038.8799999999999,27.803636363636368
