driver_id,total_fare,avg_distance
13,278.82000000000005,30.927999999999997
