driver_id,total_fare,avg_distance
6,357.71000000000004,27.822000000000003
