driver_id,total_fare,avg_distance
61,473.93,27.634444444444444
27,584.56,25.145555555555557
