driver_id,total_fare,avg_distance
12,514.7900000000001,20.701428571428576
