driver_id,total_fare,avg_distance
28,776.8199999999999,29.993636363636366
22,1286.9299999999998,28.25733333333334
