driver_id,total_fare,avg_distance
38,1156.9900000000002,30.611666666666665
