driver_id,total_fare,avg_distance
35,1356.5300000000002,24.949047619047622
