driver_id,total_fare,avg_distance
66,978.8700000000001,29.084999999999994
