driver_id,total_fare,avg_distance
3,421.57000000000005,21.66571428571428
