driver_id,total_fare,avg_distance
97,1276.9499999999998,28.66210526315789
