driver_id,total_fare,avg_distance
21,732.3000000000001,28.855454545454542
