driver_id,total_fare,avg_distance
52,253.47000000000003,31.866666666666664
35,1134.5600000000002,24.793888888888894
