driver_id,total_fare,avg_distance
60,1126.1299999999999,22.715454545454545
