driver_id,total_fare,avg_distance
18,884.1199999999999,24.355000000000004
