driver_id,total_fare,avg_distance
9,462.58000000000004,25.187142857142863
