driver_id,total_fare,avg_distance
32,977.0400000000001,26.953333333333337
