driver_id,total_fare,avg_distance
22,1125.8899999999999,28.316923076923082
