driver_id,total_fare,avg_distance
44,679.1499999999999,28.535454545454545
