driver_id,total_fare,avg_distance
32,1260.8600000000001,28.151333333333337
