driver_id,total_fare,avg_distance
36,1333.9099999999999,24.701764705882358
