driver_id,total_fare,avg_distance
2,1378.6399999999999,23.24125
