driver_id,total_fare,avg_distance
94,656.3499999999999,22.13111111111111
