driver_id,total_fare,avg_distance
95,845.9599999999999,26.403333333333336
