driver_id,total_fare,avg_distance
96,756.5500000000001,29.899166666666662
