driver_id,total_fare,avg_distance
89,945.0000000000001,27.559333333333335
