driver_id,total_fare,avg_distance
75,1051.2099999999998,22.964166666666667
