driver_id,total_fare,avg_distance
36,1243.9399999999998,27.284000000000002
