driver_id,total_fare,avg_distance
26,517.1700000000001,31.683750000000003
