driver_id,total_fare,avg_distance
78,706.5600000000001,29.165454545454544
