driver_id,total_fare,avg_distance
23,613.9699999999999,19.935000000000002
