driver_id,total_fare,avg_distance
1,390.59999999999997,23.413333333333334
