driver_id,total_fare,avg_distance
22,898.7299999999999,28.45111111111111
