driver_id,total_fare,avg_distance
67,603.6800000000001,21.582857142857144
