driver_id,total_fare,avg_distance
83,811.3000000000001,28.64545454545454
