driver_id,total_fare,avg_distance
30,308.46999999999997,36.330000000000005
