driver_id,total_fare,avg_distance
29,571.6700000000001,32.434000000000005
