driver_id,total_fare,avg_distance
67,346.70000000000005,27.076666666666668
