driver_id,total_fare,avg_distance
35,732.6500000000001,26.140000000000004
