driver_id,total_fare,avg_distance
93,635.55,28.03571428571429
95,495.38,27.596666666666668
