driver_id,total_fare,avg_distance
32,470.7099999999999,37.065000000000005
