driver_id,total_fare,avg_distance
69,624.0699999999999,33.27333333333333
