driver_id,total_fare,avg_distance
18,674.7499999999999,23.81222222222222
