driver_id,total_fare,avg_distance
72,202.20000000000002,22.703333333333333
