driver_id,total_fare,avg_distance
93,716.2199999999999,25.07777777777778
