driver_id,total_fare,avg_distance
33,200.41000000000003,18.376666666666665
