driver_id,total_fare,avg_distance
48,432.73999999999995,17.894000000000002
