driver_id,total_fare,avg_distance
74,393.1000000000001,31.55857142857143
