driver_id,total_fare,avg_distance
9,345.84000000000003,28.19333333333334
