driver_id,total_fare,avg_distance
93,732.4499999999999,22.781000000000002
