driver_id,total_fare,avg_distance
34,433.27000000000004,33.832857142857144
