driver_id,total_fare,avg_distance
70,1073.6299999999999,27.299166666666668
