driver_id,total_fare,avg_distance
90,843.4200000000001,25.53153846153846
