driver_id,total_fare,avg_distance
65,474.73999999999995,27.84857142857143
