driver_id,total_fare,avg_distance
32,956.0600000000001,29.10000000000001
