driver_id,total_fare,avg_distance
74,468.2600000000001,28.988888888888887
