driver_id,total_fare,avg_distance
48,658.6099999999999,16.053333333333335
