driver_id,total_fare,avg_distance
14,1092.2800000000002,25.47083333333333
21,645.1,28.955555555555552
