driver_id,total_fare,avg_distance
64,305.74999999999994,38.336666666666666
