driver_id,total_fare,avg_distance
16,402.84000000000003,22.083333333333332
