driver_id,total_fare,avg_distance
60,706.9499999999999,19.351428571428574
