driver_id,total_fare,avg_distance
98,534.9499999999999,24.76571428571429
