driver_id,total_fare,avg_distance
92,356.71999999999997,31.19666666666667
