driver_id,total_fare,avg_distance
67,545.1500000000001,19.701666666666668
