driver_id,total_fare,avg_distance
6,883.5200000000001,25.624000000000006
