driver_id,total_fare,avg_distance
77,662.0099999999999,21.037777777777777
