driver_id,total_fare,avg_distance
43,1003.6400000000001,23.713333333333335
