driver_id,total_fare,avg_distance
30,881.9300000000001,32.85636363636364
