driver_id,total_fare,avg_distance
45,961.5399999999998,27.10666666666667
57,1041.4,30.344999999999995
