driver_id,total_fare,avg_distance
56,711.1999999999999,24.263636363636362
