driver_id,total_fare,avg_distance
60,1278.4099999999999,22.956923076923076
