driver_id,total_fare,avg_distance
83,1293.3500000000001,27.80375
