driver_id,total_fare,avg_distance
99,900.8000000000001,23.943571428571428
