driver_id,total_fare,avg_distance
3,184.06000000000003,25.47333333333333
