driver_id,total_fare,avg_distance
75,448.84999999999997,29.067999999999994
