driver_id,total_fare,avg_distance
98,495.15999999999997,25.536666666666665
