driver_id,total_fare,avg_distance
12,308.21000000000004,23.959999999999997
