driver_id,total_fare,avg_distance
66,859.1400000000001,30.790909090909086
