driver_id,total_fare,avg_distance
89,990.9500000000002,28.943125000000002
