driver_id,total_fare,avg_distance
79,870.5300000000001,20.584444444444447
