driver_id,total_fare,avg_distance
63,1178.8400000000001,18.543333333333333
