driver_id,total_fare,avg_distance
71,740.4199999999998,25.25583333333333
