driver_id,total_fare,avg_distance
78,938.1600000000001,30.374615384615385
