driver_id,total_fare,avg_distance
38,1113.5700000000002,31.716470588235293
