driver_id,total_fare,avg_distance
87,1246.6899999999998,28.537692307692307
73,1088.27,23.61277777777778
