driver_id,total_fare,avg_distance
36,1369.9799999999998,25.73166666666667
