driver_id,total_fare,avg_distance
6,874.9200000000001,26.300000000000004
