driver_id,total_fare,avg_distance
55,509.45000000000005,24.80333333333333
