driver_id,total_fare,avg_distance
3,386.34000000000003,23.49333333333333
