driver_id,total_fare,avg_distance
43,344.66999999999996,27.743333333333336
