driver_id,total_fare,avg_distance
13,345.52000000000004,29.048333333333332
