driver_id,total_fare,avg_distance
1,313.46999999999997,22.906666666666666
