driver_id,total_fare,avg_distance
45,445.31999999999994,26.10666666666667
