driver_id,total_fare,avg_distance
37,208.98000000000002,34.510000000000005
