driver_id,total_fare,avg_distance
3,159.85000000000002,31.159999999999997
