driver_id,total_fare,avg_distance
2,484.91999999999996,24.613333333333333
