driver_id,total_fare,avg_distance
87,720.1899999999999,27.46125
