driver_id,total_fare,avg_distance
45,487.9799999999999,26.670000000000005
