driver_id,total_fare,avg_distance
5,501.39000000000004,15.181666666666667
