driver_id,total_fare,avg_distance
43,379.29999999999995,25.64428571428572
