driver_id,total_fare,avg_distance
6,404.56000000000006,27.900000000000002
