driver_id,total_fare,avg_distance
96,416.58000000000004,27.385714285714283
