driver_id,total_fare,avg_distance
93,508.28999999999996,24.965000000000003
