driver_id,total_fare,avg_distance
21,362.65999999999997,27.271666666666665
