driver_id,total_fare,avg_distance
48,348.16999999999996,17.566666666666666
