driver_id,total_fare,avg_distance
18,538.5799999999999,19.687142857142856
