driver_id,total_fare,avg_distance
35,694.5600000000001,27.928888888888892
52,110.58,18.540000000000003
