driver_id,total_fare,avg_distance
90,246.16000000000003,25.331666666666667
