driver_id,total_fare,avg_distance
46,676.3299999999999,18.98142857142857
