driver_id,total_fare,avg_distance
6,130.20000000000002,28.180000000000003
