driver_id,total_fare,avg_distance
100,145.76999999999998,21.686666666666667
