driver_id,total_fare,avg_distance
5,372.46000000000004,15.302499999999998
