driver_id,total_fare,avg_distance
87,427.29999999999995,26.432499999999997
73,96.28,32.63
