driver_id,total_fare,avg_distance
63,426.94000000000005,10.792499999999999
