driver_id,total_fare,avg_distance
60,490.13,15.51
68,70.46000000000001,25.0
90,73.43,27.583333333333332
