driver_id,total_fare,avg_distance
11,102.71999999999998,14.876666666666665
