driver_id,total_fare,avg_distance
21,228.76,36.17333333333333
14,171.45000000000002,18.59
