driver_id,total_fare,avg_distance
40,209.26000000000002,20.393333333333334
38,178.51,29.98
