driver_id,total_fare,avg_distance
54,463.53999999999996,23.715714285714284
