driver_id,total_fare,avg_distance
66,247.33999999999997,37.36666666666667
